id	sequence
GCA_002262175.1_00812	MSLAKASLWTAASTLVKIGAGLLVVKLLAVSFGPAGVGQAGNFRQLVTVLGVLAGAGIFNGVTKLVAQHHDDPPRLKQVVGTSSAMVLGFSTLLALVFLLAAAPISQGLFGHTHYQGLVRLVALVQMGIAWANFLLALMKGFRDAAGNAFSLIAGSLIGVAAYYACYVLGGYQGALLGLALVPALVVVPAGIMLWRRGNIPLSALRPRWDNGLAGQLSKFTLMALITSVTLPVAYVMMRNLLAAHYGWEAVGIWQGVSSISDAYLQFITASFSVYLLPTLSRLSAKTDITREIVKSLKFVLPAVAAASLTVWLLRDFAIWLLFSDRFTAMRDLFAWQLVGDVLKVGAYVYGYLVIAKASLRFYILTEISQFALLTAFSHWLIPAHGAVGAAQAYMATYIVYFALCSGVFLLWRKRA
GCA_002262175.1_04257	MKYNLGYLFDLLVVITNKDLKVRYKSSMLGYLWSVANPLLFAMIYYFIFKLVMRVQIPNYTVFLITGLFPWQWFASSATNSLFSFIANAQIIKKTVFPRSVIPLSNVMMEGLHFLCTIPVIVVFLFVYGMTPSLSWVWGIPLIAIGQVIFTFGVSIIFSTLNLFFRDLERFVSLGIMLMFYCTPILYASDMIPEKFSWIITYNPLASMILSWRDLFMNGTLNYEYISILYFTGIILTVVGLSIFNKLKYRFAEIL
GCA_002262175.1_04267	MSLKEKTLNAVKWNLLSTIVTVSLGMVSLWALSHILDVEQYGVISAALIITNFINMLLDFGISNSIVRSQSVEKIELASLSFVNICMGVIAFILVFIFSGNIAGIFGGSENLRLQVEIISFGFVFIAFGLQPRALLTKDMAFDLLSRISIMVSITNFVIAISLAFIFHKSWCVAIAFLTSSIIGSLSTRFCAKNLMNYGKGFQFKSIKKHFRYGIQLVIDSLINQISINTYPVLMSRLISFAAIGGYNISYSISIALFERLNPVLSHALFPAFSKIGNDESKLQSSFLKVTVFSSMINFPMLIGMMLASTNVVSIFFDEKWAFIPPIVQILCIVGVLRSLETPVISVLLVKAQMYRNIYLGIGKLLIGIPLAWYLGTRFGVTGIVYGFLIIQVINTILGYFYLLKPSLGISGLTYLKTIMIPTVHVLPMVAGGLFLNKMEPIDNQIAHLFILIVSCFALYIVTLFMSPSHTVREFRLTIINNFMSKAFKK
GCA_004127585.1_00072	MIVILLVPLYTFYLTTQDYGLVDLVASSQALLMPFITITAEQALLRYIIGEKDKDIINSVFSTALFISIVMLVFFLFFCVLFYYFHVWSGKIIVYFYLLVFMAALQILFSTYLRAIGKSKNFALSGVIQVLSILFFNLIFLVYMKLGVDGYLISLICSYFVSNLYCFAYSRCLSIRFSEITRVSAKKIIAFSLPLIPNYSMWWVVNNSTRYVVLSYLGLSANGLFAVASKIPTCINVFVTVFQQAWQISAFEEFDSHDRSKYYSTVFRAYYQFLFIIASFLLVLNKIIFENFVSHEFMMAWKMVPLLILGVLYQTFSSFLGTIYTANYKTKDVFLTSFVGAGISIGANFIFIPMYGEVYAGLGASLGFFIMWLLRLIGTRKIVYTKIYYLEFILLNGMFLVQTFLLFLLNDISGEGQFFVQFLCFLMTMFLSKNFLSVLFLFFKNKILSKYINV
GCA_004127585.1_00278	MLKYFLKNKTLILKLAKRDIDSKYKGSFIGGFWAVVNPVIMLCVYSFVFSEVFKAKWGSLEGGKGTFAVVLFAGLIIFNFLAECLSRGPTLFTSNVNYVKKVVFPLGCLPFSIFLSAVFNFFISFIILLIAQLIVFNSVPWTILFFPLLLIPLFLIGFSLIVIFSTIGVYFRDIAQAVPIIITFLMFLSPIFYPLSAIPKSFQDVMMYNPLAFLIENTRDVLIFGKNMSIESYSILYISSIIFYIIAMKIFQKAKKGFADVL
GCA_004127585.1_03041	MSLAKASLWTAASTLVKIGAGLLVVKLLAVSFGPAGVGQAGNFRQLVTVFGVLAGAGIFNGVTKLVAQHHDDPPRLKQVVGTSSAMVLGFSTLLALVFLLAAAPISQGLFGHTHYQGLVRLVALVQMGIAWANFLLALMKGFRDAAGNAFSLIAGSLIGVAAYYACYVLGGYQGALLGLALVPALVVVPAGIMLWRRGNIPLSALRPRWDNGLAGQLSKFTLMALITSVTLPVAYVMMRNLLAAHYGWEAVGIWQGVSSISDAYLQFITASFSVYLLPTLSRLSAKTDITREIVKSLKFVLPAVAAASLTVWLLRDFAIWLLFSDRFTAMRDLFAWQLVGDVLKVGAYVYGYLVIAKASLRFYILTEISQFALLTAFSHWLIPAHGAVGAAQAYMATYIVYFALCSGVFLLWRKRA
GCA_016137235.1_00022	MSLAKASLWTAASTLVKIGAGLLVVKLLAVSFGPAGVGQAGNFRQLVTVLGVLAGAGIFNGVTKLVAQHHDDPPRLKQVVGTSSAMVLGFSTLLALVFLLAAAPISQGLFGHTHYQGLVRLVALVQMGIAWANFLLALMKGFRDAAGNAFSLIAGSLIGVAAYYACYVLGGYQGALLGLALVPALVVVPAGIMLWRRGNIPLSALRPRWDNGLAGQLSKFTLMALITSVTLPVAYVMMRNLLAAHYGWEAVGIWQGVSSISDAYLQFITASFSVYLLPTLSRLSAKTDITREIVKSLKFVLPAVAAASLTVWLLRDFAIWLLFSDRFTAMRDLFAWQLVGDVLKVGAYVYGYLVIAKASLRFYILTEISQFALLTAFSHWLIPAHGAVGAAQAYMATYIVYFALCSGVFLLWRKRA
GCA_016137235.1_05677	MKYNLGYLFDLLVVITNKDLKVRYKSSMLGYLWSVANPLLFAMIYYFIFKLVMRVQIPNYTVFLITGLFPWQWFASSATNSLFSFIANAQIIKKTVFPRSVIPLSNVMMEGLHFLCTIPVIVVFLFVYGMTPSLSWVWGIPLIAIGQVIFTFGVSIIFSTLNLFFRDLERFVSLGIMLMFYCTPILYASDMIPEKFSWIITYNPLASMILSWRDLFMNGTLNYEYISILYFTGIILTVVGLSIFNKLKYRFAEIL
GCA_016137235.1_05687	MSLKLKTIKSTKWSALSSLTIIVLGFLQMVILSRILEPFEFGVLSIMTVVFLFTDMLADCGLSNAIIQKKNITLDELSALYWVNIFLGVFLFVVTIILSYEISSWMRLDRLSFLIQLTALVFIIMPHGQQYRALMQKELEFDILSKIESFSYLTGFCLTVIIGIITKNASCAVFGYLLTVSMRTVILSFVGRKYYHPTWKRSKLREIKKQLLFSFYLTLDSILNYINSSITTPIVARVLGAIYVGGYNLSFNVAVNPPSKISPIITRVLFPALSKIQDDKERLRINFFKLLHVISYINFPALLGLCIIAKDFVYLVFGEKWLFIVPTLQLLCIAGAMRMVANPIGSLLMAKAKMELSVRFNFVKIIIFIPVLYFSTIWNGMVGAAIGFLICQAINALLSYFFLLKPVLGNCIVDYINSFFIPFVHTLPMILLLLVCDIYIDKISLTFFILKIVIGGGVYILTIFISPNKLLAEMKGLFRQLLLKR
GCA_016617195.1_00769	MSLAKASLWTAASTLVKIGAGLLVVKLLAVSFGPAGVGQAGNFRQLVTVLGVLAGAGIFNGVTKLVAQHHDDPPRLKQVVGTSSAMVLGFSTLLALVFLLAAAPISQGLFGHTHYQGLVRLVALVQMGIAWANFLLALMKGFRDAAGNAFSLIAGSLIGVAAYYACYVLGGYQGALLGLALVPALVVVPAGIMLWRRGNIPLSALRPRWDNGLTGQLSKFTLMALITSVTLPVAYVMMRNLLAAHYGWEAVGIWQGVSSISDAYLQFITASFSVYLLPTLSRLSAKTDITHEIVKSLKFVLPAVAAASLTVWLLRDFAIWLLFSDRFTAMRDLFAWQLVGDVLKVGAYVYGYLVIAKASLRFYILTEISQFALLTTFSHWLIPAHGAVGAAQAYMATYIVYFALCSGVFLLWRKRA
GCA_016617195.1_01430	MNKRILSNSVWMMSEKIITLFGLIFVTSFVAKYVGTEVFGQIAFATSLFQIAMIVAQLGSDVIIFKRVSKNNDSGVKLICSTLYLRAFIYILVSIPIIFISHEKNDVGGIYFILACAISCFFSAMDVFSIYYDARLESKKNTIINVVGLIVSLCLRWVIALVKLDPIYLCLPIMLTGFVPFILRWFVFKRVLDKNTISFKNKVKYMKYLVGAGITFVVSTISVAIYTRISMLSLGFFYDKSIVGIFSVSVSLAASWSFVCNSLITSSLPSIFSEKSDERAANKASKLNLVVLGISVPIIFATYFLGAFFIRLLYGESYIGAYVPLVILSFSTMVSLLGIISARFIARFSGYAFLSKKMLSVVILSVFLNIPLIYFYGMLGAAIATLLTELFSLTLFNYLFKRGIVLKMHLMTLPLNIFKKI
GCA_016617195.1_01438	MKYNLGYLFDLLVVITNKDLKVRYKSSMLGYLWSVANPLLFAMIYYFIFKLVMRVQIPNYTVFLITGLFPWQWFASSATNSLFSFIANAQIIKKTVFPRSVIPLSNVMMEGLHFLCTIPVIVVFLFVYGMTPSLSWVWGIPLIAIGQVIFTFGVSIIFSTLNLFFRDLERFVSLGIMLMFYCTPILYASDMIPEKFSWIITYNPLASMILSWRDLFMNGTLNYEYISILYFTGIILTVVGLSIFNKLKYRFAEIL
GCA_022027315.1_03601	MSLAKASLWTAASTLVKIGAGLLVVKLLAVSFGPAGVGQAGNFRQLVTVLGVLAGAGIFNGVTKLVAQHHDDPPRLKQVVGTSSAMVLGFSTLLALVFLLAAAPISQGLFGHTHYQGLVRLVALVQMGIAWANFLLALIKGFRDAAGNAFSLIAGSLIGVAAYYACYVLGGYQGALLGLALVPALVVVPAGIMLWRRGNIPLSALRPRWDNGLAGQLSKFTLMALITSVTLPVAYVMMRNLLAAHYGWEAVGIWQGVSSISDAYLQFITASFSVYLLPTLSRLSAKTDITREIGKSLKFVLPAVAAASLTVWLLRDFAIWLLFSDRFTAMRDLFAWQLVGDVLKVGAYVYGYLVIAKASLRFYILTEISQFALLTAFSHWLIPAHGAVGAAQAYMATYIVYFALCSGVFLLWRKRA
GCA_022200165.1_00408	MALVVVNFANIIRDLGVSSAIIQLKTLNQKLISSVFFLNLFFGFILLFSIFFFADDISCFFNESKLTDVLMLIAFSFPIASITSTHLSLMERESKFNSIAKVEIFSSITALILGVFVSYIGGGVYSLVTQTLAYSSLSAIGLFFYTRWIPSAYFSFAEVRGIFKFTSNLVLFNFVNYFSRNSDQIIIGRFFSSTILGQYSLAYRIMLFPIQNITFVLTRSLFPLLSRNQSNSQYSLSLYLHVLKTLAIVIPPLMVGIAVVSDDFVKVVLGEKWNGVAILILYLAPTAILQSFISTTGSVFMAQGRTNTLFQLSLFNAFLQVGAFILGATVSVVFIIKLYFIANLVIFFPNIYFAMRLLGGKWRDFLFISYKPLLSVLLMLVLLLFLKGYLNTITTFPSLRLAILVFLGGVSYIGFLSLLERKKPLEIIKDLKDM
GCA_022200165.1_00412	MKYNLGYLFDLLVVITNKDLKVRYKSSMLGYLWSVANPLLFAMIYYFIFKLVMRVQIPNYTVFLITGLFPWQWFASSATNSLFSFIANAQIIKKTVFPRSVIPLSNVMMEGLHFLCTIPVIVVFLFVYGMTPSLSWVWGIPLIAIGQVIFTFGVSIIFSTLNLFFRDLERFVSLGIMLMFYCTPILYASDMIPEKFSWIITYNPLASMILSWRDLFMNGTLNYEYISILYFTGIILTVVGLSIFNKLKYRFAEIL
GCA_022200165.1_04635	MSLAKASLWTAASTLVKIGAGLLVVKLLAVSFGPAGVGQAGNFRQLVTVLGVLAGAGIFNGVTKLVAQHHDDPPRLKQVVGTSSAMVLGFSTLLALVFLLAAAPISQGLFGHTHYQGLVRLVALVQMGIAWANFLLALMKGFRDAAGNAFSLIAGSLIGVAAYYACYVLGGYQGALLGLALVPALVVVPAGIMLWRRGNIPLSALRPRWDNGLAGQLSKFTLMALITSVTLPVAYVMMRNLLAAHYGWEAVGIWQGVSSISDAYLQFITASFSVYLLPTLSRLSAKTDITREIVKSLKFVLPAVAAASLTVWLLRDFAIWLLFSDRFTAMRDLFAWQLVGDVLKVGAYVYGYLVIAKASLRFYILTEISQFALLTAFSHWLIPAHGAVGAAQAYMATYIVYFALCSGVFLLWRKRA
GCA_023273205.1_00279	MSLAKASLWTAASTLVKIGAGLLVVKLLAVSFGPAGVGQAGNFRQLVTVLGVLAGAGIFNGVTKLVAQHHDDPPRLKQVVGTSSAMVLGFSTLLALVFLLAAAPISQGLFGHTHYQGLVRLVALVQMGIAWANFLLALMKGFRDAAGNAFSLIAGSLIGVAAYYACYVLGGYQGALLGLALVPALVVVPAGIMLWRRGNIPLSALRPRWDNGLAGQLSKFTLMALITSVTLPVAYVMMRNLLAAHYGWGAVGIWQGVSSISDAYLQFITASFSVYLLPTLSRLSAKTDITREIVKSLKFVLPAVAAASLTVWLLRDFAIWLLFSDRFTAMRDLFAWQLVGDVLKVGAYVYGYLVIAKASLRFYILTEISQFALLTAFSHWLIPAHGAVGAAQAYMATYIVYFALCSGVFLLWRKRA
GCA_023273205.1_00927	MKNIKNFLHVLLLQGGNYLFPLVTIPIASRVFGPDLIGTFNYYTYIVSFYCMIVEFGFGYSGVRLLTRNPENKSKIFNEILTAKFLILFLVSLFALFYSYKFISQSDFILFGTCYLLVLSSLCNVNWFFQATGDFSLITKVSLFTKFISILLIVFFVKNKDDLLLYSLIVNIPMVLSSLFSLWYCRIKYKIRLNLPNLKDTLILIKSEMWIFLSKISSFLYTTMGVVFLGFLATSYDVGIYTSAQKIVMLFISAIITPLSFIVFPALSKRFGVSVEHGLNSFRKFMPLLCMCCFGSFLFIFFFGGKVILIMMGAQFKDSINVLNVLSFGYVFVFWGAVIGGQIVLNLKYDKQFVQMQWFVAFLSFIFNVLFLKKYGAMGLAYIWTISEFIMTFMQCVFIKYKGIRIIDWEQFKIKNMITNFKDLLRH
GCA_023273205.1_00933	MRDLLTTIYRYRGFIWSSVKRDFQARYQTSMLGALWLVLQPLSMILVYTLVFSEVMKARMPDNTGPFAYSIYLCSGVLTWGLFTEMLDKGQSVFINNANLIKKLSFPKICLPIIVTLSAVLNFAIIFSLFLIFIIVTGNFPGWLFLSVIPVLLLQILFAGGLGMILGVMNVFFRDVGQLVGVALQFWFWFTPIVYVLNSLPAWAKNLLLYNPMTRVMQSYQSIFAYHQAPNWYSLWPVLALAIIFCVIGFRMFRKHAADMVDEL
GCA_025880705.1_03663	MSLAKASLWTAASTLVKIGAGLLVVKLLAVSFGPAGVGQAGNFRQLVTVLGVLAGAGIFNGVTKLVAQHHDDPPRLKQVVGTSSAMVLGFSTLLALVFLLAAAPISQGLFGHTHYQGLVRLVALVQMGIAWANFLLALMKGFRDAAGNAFSLIAGSLIGVAAYYACYVLGGYQGALLGLALVPALVVVPAGIMLWRRGNIPLSALRPRWDNGLAGQLSKFTLMALITSVTLPVAYVMMRNLLAAHYGWEAVGIWQGVSSISDAYLQFITASFSVYLLPTLSRLSAKTDITHEIVKSLKFVLPAVAAASLTVWLLRDFAIWLLFSDRFTAMRDLFAWQLVGDVLKVGAYVYGYLVIAKASLRFYILTEISQFALLTTFSHWLIPAHGAVGAAQAYMATYIVYFALCSGVFLLWRKRA
GCA_025880705.1_04305	MKYNLGYLFDLLVVITNKDLKVRYKSSMLGYLWSVANPLLFAMIYYFIFKLVMRVQIPNYTVFLITGLFPWQWFASSATNSLFSFIANAQIIKKTVFPRSVIPLSNVMMEGLHFLCTIPVIVVFLFVYGMTPSLSWIWGIPLIAIGQVIFTFGVSIIFSTLNLFFRDLERFVSLGIMLMFYCTPILYASDMIPEKFSWIITYNPLASMILSWRDLFMNGTLNYEYISILYFTGIILTVVGLSIFNKLKYRFAEIL
GCA_025880705.1_04312	MAMALVIINFGMLIRDLGTAAAIIQRKDIDDKIINSIFWLNLYMGLGIAICIILSSPLISYFFREPKLIMVLLCISIIFPLSSSSSAHLALLERESKFKKIASVEIASSLIGVLVALFLAYKNFGVYSLVCQTIIFNALSTVQFWKASKWRPSFSNMFDFSGLKEIFGFSAHLSIFNLINYFSRNADSFIIGRYMASSVLGAYSLAYRIMLFPLASLTFVATRALFPILSKNQDDHDTLKKTYLDCVFGILFIVVPLMSGLAFLSKPFIILIFGKEWSLTANILLWLAPTAIIQSVLSTSGTVFMAKGRTDILMKLGILGMILYMSAFILGVQYNIITFAKFYFLANIINFFPAMYLLMRIINGSLFELFKKALPIFCMGMVMIIVMFIVRKPINSLFDEFSFTYLLTMTVIGAMTYFILALVLLKSFRAFIVNRVPFIG
GCA_027625875.1_00610	MSKNKTLSGGVAWFFISNLFPAISALLIFSLASRLISPSELGTVALATTIATVLTSLCAVGFGDALIQCKEITKRHLNTVFTVCICVSLFVYVISVTLIETINLDAFTHLFRVVYPLTAFKIILDSCAIVPLSYLTRTMEFKSIALRTMYCSLASFILCIPILYYGGGVWAIVVSQLTTSAVSFLILIKAANLKLRVAFHRKEFNELKKFGLTSTITKLITSISVDNLMIGFYGNAITLGLYAFSRRIFGVISDVLNNAIANVSYPLYASKQDNLNELKIIFLKTTFLSALISLPAFCGLILISPYLIPMVFGNQWEPAISVVQVCSAIGFISCIGALQMSLIKGLGHTSWILKYQIAQQVSTAILVLIFAKDGAYIVMLAIAIKTFSIWPFSMRYVSKILGVGIVDYMRNFVKPILAVSAMITVCVIIECITKDYGSLVILLSVILGGVISYILSAFLLARKETFDFIKAIKKR
GCA_027625875.1_00619	MKYNLGYLFDLLVVITNKDLKVRYKSSMLGYLWSVANPLLFAMIYYFIFKLVMRVQIPNYTVFLITGLFPWQWFASSATNSLFSFIANAQIIKKTVFPRSVIPLSNVMMEGLHFLCTIPVIVVFLFVYGMSPSLSWVWGIPLIAIGQVIFTFGVSIIFSTLNLFFRDLERFVSLGIMLMFYCTPILYASDMIPEKFSWIITYNPLASMILSWRDLFMNGTLNYEYISILYFTGIILTVVGLSIFNKLKYRFAEIL
GCA_027625875.1_04045	MSLAKASLWTAASTLVKIGAGLLVVKLLAVSFGPAGVGQAGNFRQLVTVLGVLAGAGIFNGVTKLVAQHHDDPPRLKQVVGTSSAMVLGFSTLLALVFLLAAAPISQGLFGHTHYQGLVRLVALVQMGIAWANFLLALMKGFRDAAGNAFSLIAGSLIGVAAYYACYVLGGYQGALLGLALVPALVVVPAGIMLWRRGNIPLSALRPRWDNGLAGQLSKFTLMALITSVTLPVAYVMMRNLLAAHYGWEAVGIWQGVSSISDAYLQFITASFSVYLLPTLSRLSAKTDITREIVKSLKFVLPAVAAASLTVWLLRDFAIWLLFSDRFTAMRDLFAWQLVGDVLKVGAYVYGYLVIAKASLRFYILTEISQFALLTAFSHWLIPAHGAVGAAQAYMATYIVYFALCSGVFLLWRKRA
